id,type,parameter_type,dataset_name,county,state,data_region,latitude,longitude,source_url,host_name,priority,access_type,data_type,data_age,description,page_title,page_status,page_live,scraped_text,dates_found,fees_found,contact_found,last_scraped,scrape_error
1,Permit,Solar Permits,Alameda County — Building permits portal,Alameda County,California,"Alameda County, California, USA",37.609029,-121.899142,https://www.acgov.org/cda/building/,Alameda County Planning Department,MEDIUM,Public,Permitting portal / informational web page (link).,,"Official county building department website or permitting portal that provides the authoritative entry point for building and electrical permits. Typically includes application steps, required documents, plan review, inspections, fee information, and",,404,False,,,,,2026-03-30 09:15:19,
2,Permit,Solar Permits,Alpine County — Building permits portal,Alpine County,California,"Alpine County, California, USA",38.589393,-119.834501,https://www.alpinecountyca.gov/157/Building-Department,Alpine County Planning Department,,Public,Permitting portal / informational web page (link).,,"Official county building department website or permitting portal that provides the authoritative entry point for building and electrical permits. Typically includes application steps, required documents, plan review, inspections, fee information, and","Building Safety Division | Alpine County, CA - Official Website",200,True,"Building Safety Division | Alpine County, CA - Official Website Skip to Main Content HomeDepartmentsCommunity DevelopmentBuilding Safety Division Building Safety Division he Building Safety Division provides the following services:Building permitsBuilding plan checksBuilding inspectionsBuilding requirement information for Alpine CountyNew Building Division Online PortalTo submit a building permit application to the Building Safety Division, please access our online portal. The online portal prov",,,(530) 694-2140,2026-03-30 09:15:21,
3,Permit,Solar Permits,Amador County — Building permits portal,Amador County,California,"Amador County, California, USA",38.449089,-120.591102,https://www.amadorgov.org/departments/building,Amador County Planning Department,,Public,Permitting portal / informational web page (link).,,"Official county building department website or permitting portal that provides the authoritative entry point for building and electrical permits. Typically includes application steps, required documents, plan review, inspections, fee information, and",,403,False,,,,,2026-03-30 09:15:24,
4,Permit,Solar Permits,Butte County — Building permits portal,Butte County,California,"Butte County, California, USA",39.651927,-121.585844,https://www.buttecounty.net/263/Building-Division,Butte County Planning Department,,Public,Permitting portal / informational web page (link).,,"Official county building department website or permitting portal that provides the authoritative entry point for building and electrical permits. Typically includes application steps, required documents, plan review, inspections, fee information, and",,404,False,,,,,2026-03-30 09:15:27,
5,Permit,Solar Permits,Calaveras County — Building permits portal,Calaveras County,California,"Calaveras County, California, USA",38.255818,-120.498149,https://building.calaverasgov.us/,Calaveras County Planning Department,,Public,Permitting portal / informational web page (link).,,"Official county building department website or permitting portal that provides the authoritative entry point for building and electrical permits. Typically includes application steps, required documents, plan review, inspections, fee information, and",Building Department,200,True,"Building Department Menu Building DepartmentCode ComplianceSubmit a ComplaintCode AppealsFAQsForms and DocumentsPre-Approved PlansADA Grievance ProcedurePermit ServicesOnline Permit CenterOnline Permit Center InstructionsInspectionsElectronic Inspection ProgramInspection RequestsScheduled Inspections Building Department Doug Oliver, Chief Building Official ADDRESS: 891 Mountain Ranch Road Building E San Andreas, CA 95249 Get Directions PHONE: (209) 754-6390 Mon - Fri: 8am - 4pm Email Building Cl",,Fee Schedule Building Department fee schedule 3 February 2020 F,(209) 754-6390,2026-03-30 09:15:30,
6,Permit,Solar Permits,Colusa County — Building permits portal,Colusa County,California,"Colusa County, California, USA",39.146558,-122.220956,https://www.countyofcolusa.org/136/Building-Division,Colusa County Planning Department,,Public,Permitting portal / informational web page (link).,,"Official county building department website or permitting portal that provides the authoritative entry point for building and electrical permits. Typically includes application steps, required documents, plan review, inspections, fee information, and","Planning | Colusa County, CA - Official Website",200,True,"Planning | Colusa County, CA - Official Website Skip to Main Content Create a Website Account - Manage notification subscriptions, save form progress and more. Website Sign In HomeDepartmentsCommunity Development DepartmentPlanning Planning General PlanRead the Colusa County General Plan - adopted July 31, 2012.2030 General PlanZoning CodeRead Colusa County’s Zoning Code - adopted August 26, 2014.Zoning CodeNew - Ordinance 831-Small Residential Agricultural Parcel Overlay ZoneInteractive Mapping",July | August | adopted | adopted,fee schedule as well as applications for land use matters,,2026-03-30 09:15:33,
7,Permit,Solar Permits,Contra Costa County — Solar permitting page,Contra Costa County,California,"Contra Costa County, California, USA",37.903481,-121.917535,https://www.contracosta.ca.gov/4688/Solar-Permits,Contra Costa County Planning Department,,Public,Permitting portal / informational web page (link).,,"County-maintained solar PV permitting guidance page. Often includes solar checklists, standard plan requirements, expedited processing guidance, common corrections, and links to submit permits online.",,404,False,,,,,2026-03-30 09:15:36,
8,Permit,Solar Permits,Del Norte County — Building permits portal,Del Norte County,California,"Del Norte County, California, USA",41.726177,-123.91328,https://www.co.del-norte.ca.us/departments/CommunityDevelopment/BuildingInspection,Del Norte County Planning Department,,Public,Permitting portal / informational web page (link).,,"Official county building department website or permitting portal that provides the authoritative entry point for building and electrical permits. Typically includes application steps, required documents, plan review, inspections, fee information, and","County of Del Norte, California - Community Development",200,True,"County of Del Norte, California - Community Development Government Residents Businesses Visit Del Norte Community Development Community Development General Information Staff Directory Phone Numbers Phone (707) 464-7254 Fax: (707) 465-0340 Emergencies: Dial 911 Location 981 H Street, Suite 110 Crescent City, CA 95531 Get Directions Community Development Home>Departments>Community Development The Community Development Department provides coordinated services to the public through courteous, effici",effective | adopted,Fees are charged to the applicant pursuant to the adopted Master | Fee Ordinance of Del Norte County,(707) 464-7254,2026-03-30 09:15:39,
9,Permit,Solar Permits,El Dorado County — Solar permitting page,El Dorado County,California,"El Dorado County, California, USA",38.757414,-120.527613,https://www.edcgov.us/Government/building/Pages/solar_permits.aspx,El Dorado County Planning Department,,Public,Permitting portal / informational web page (link).,,"County-maintained solar PV permitting guidance page. Often includes solar checklists, standard plan requirements, expedited processing guidance, common corrections, and links to submit permits online.",,Connection Error,False,,,,,2026-03-30 09:15:42,"Connection error: HTTPSConnectionPool(host='www.edcgov.us', port=443): Max retries exceeded with u"
10,Permit,Solar Permits,Fresno County — Building permits portal,Fresno County,California,"Fresno County, California, USA",36.67135,-119.815535,https://www.fresnocountyca.gov/Departments/Public-Works-and-Planning/Building-and-Safety,Fresno County Planning Department,,Public,Permitting portal / informational web page (link).,,"Official county building department website or permitting portal that provides the authoritative entry point for building and electrical permits. Typically includes application steps, required documents, plan review, inspections, fee information, and",,403,False,,,,,2026-03-30 09:15:45,
11,Permit,Solar Permits,Glenn County — Building permits portal,Glenn County,California,"Glenn County, California, USA",39.591277,-122.377866,https://www.countyofglenn.net/govt/departments/planning-community-development-services/building-inspection,Glenn County Planning Department,,Public,Permitting portal / informational web page (link).,,"Official county building department website or permitting portal that provides the authoritative entry point for building and electrical permits. Typically includes application steps, required documents, plan review, inspections, fee information, and",,403,False,,,,,2026-03-30 09:15:47,
12,Permit,Solar Permits,Humboldt County — Building permits portal,Humboldt County,California,"Humboldt County, California, USA",40.599742,-123.899773,https://humboldtgov.org/156/Planning-Building,Humboldt County Planning Department,,Public,Permitting portal / informational web page (link).,,"Official county building department website or permitting portal that provides the authoritative entry point for building and electrical permits. Typically includes application steps, required documents, plan review, inspections, fee information, and","About Us | Humboldt County, CA - Official Website",200,True,"About Us | Humboldt County, CA - Official Website Skip to Main Content Create a Website Account - Manage notification subscriptions, save form progress and more. Website Sign In Search Search HomePortalHumboldt County's HomepageGovernmentPlanning & BuildingAbout Us About Us Effective July 1, 2024, the Humboldt County Planning and Building Department will reduce the in-person counter service hours. The new hours of operation for walk in front counter service will be from 8:30 a.m. to 2:00 p.m., M",July | Effective,,707-445-7245,2026-03-30 09:15:50,
13,Permit,Solar Permits,Imperial County — Solar permitting page,Imperial County,California,"Imperial County, California, USA",33.030549,-115.359567,https://www.icpds.com/planning/renewable-energy,Imperial County Planning Department,,Public,Permitting portal / informational web page (link).,,"County-maintained solar PV permitting guidance page. Often includes solar checklists, standard plan requirements, expedited processing guidance, common corrections, and links to submit permits online.",,404,False,,,,,2026-03-30 09:15:53,
14,Permit,Solar Permits,Inyo County — Building permits portal,Inyo County,California,"Inyo County, California, USA",36.559533,-117.407471,https://www.inyocounty.us/services/building-safety,Inyo County Planning Department,,Public,Permitting portal / informational web page (link).,,"Official county building department website or permitting portal that provides the authoritative entry point for building and electrical permits. Typically includes application steps, required documents, plan review, inspections, fee information, and",,404,False,,,,,2026-03-30 09:15:56,
15,Permit,Solar Permits,Kern County — Building permits portal,Kern County,California,"Kern County, California, USA",35.31457,-118.753822,https://kernpublicworks.com/building-and-code/,Kern County Planning Department,,Public,Permitting portal / informational web page (link).,,"Official county building department website or permitting portal that provides the authoritative entry point for building and electrical permits. Typically includes application steps, required documents, plan review, inspections, fee information, and",,403,False,,,,,2026-03-30 09:15:59,
16,Permit,Solar Permits,Kings County — Building permits portal,Kings County,California,"Kings County, California, USA",36.078481,-119.795634,https://www.countyofkings.com/departments/community-development-agency/building-division,Kings County Planning Department,,Public,Permitting portal / informational web page (link).,,"Official county building department website or permitting portal that provides the authoritative entry point for building and electrical permits. Typically includes application steps, required documents, plan review, inspections, fee information, and",,403,False,,,,,2026-03-30 09:16:02,
17,Permit,Solar Permits,Lake County — Building permits portal,Lake County,California,"Lake County, California, USA",39.050541,-122.777656,https://www.lakecountyca.gov/367/Building,Lake County Planning Department,,Public,Permitting portal / informational web page (link).,,"Official county building department website or permitting portal that provides the authoritative entry point for building and electrical permits. Typically includes application steps, required documents, plan review, inspections, fee information, and",Staff Directory • Budget / Financial Administration,200,True,"Staff Directory • Budget / Financial Administration Skip to Main Content Create a Website Account - Manage notification subscriptions, save form progress and more. Website Sign In HomeStaff Directory Budget / Financial Administration 255 N Forbes Street Lakeport CA 95453 Directions Physical Address:View Map 255 N Forbes StreetLakeport, CA 95453Phone707-263-2580 Return to Staff Directory Live Edit Government Websites by CivicPlus® Loading Loading Do Not Show Again Close Arrow Left Arrow Right [] ",,,707-263-2580,2026-03-30 09:16:05,
18,Permit,Solar Permits,Lassen County — Building permits portal,Lassen County,California,"Lassen County, California, USA",40.768558,-120.730998,https://www.lassencounty.org/dept/planning-and-building-services/building-division,Lassen County Planning Department,,Public,Permitting portal / informational web page (link).,,"Official county building department website or permitting portal that provides the authoritative entry point for building and electrical permits. Typically includes application steps, required documents, plan review, inspections, fee information, and",,404,False,,,,,2026-03-30 09:16:08,
19,Permit,Solar Permits,Los Angeles County — Solar permitting page,Los Angeles County,California,"Los Angeles County, California, USA",34.315507,-118.209681,https://pw.lacounty.gov/bsd/content/solar.aspx,Los Angeles County Planning Department,,Public,Permitting portal / informational web page (link).,,"County-maintained solar PV permitting guidance page. Often includes solar checklists, standard plan requirements, expedited processing guidance, common corrections, and links to submit permits online.",,404,False,,,,,2026-03-30 09:16:11,
20,Permit,Solar Permits,Madera County — Building permits portal,Madera County,California,"Madera County, California, USA",37.171626,-119.773799,https://www.maderacounty.com/government/community-development-department/building-division,Madera County Planning Department,,Public,Permitting portal / informational web page (link).,,"Official county building department website or permitting portal that provides the authoritative entry point for building and electrical permits. Typically includes application steps, required documents, plan review, inspections, fee information, and",,403,False,,,,,2026-03-30 09:16:14,
21,Permit,Solar Permits,Marin County — Building permits portal,Marin County,California,"Marin County, California, USA",38.040914,-122.619964,https://www.marincounty.org/depts/cd/divisions/building-and-safety,Marin County Planning Department,,Public,Permitting portal / informational web page (link).,,"Official county building department website or permitting portal that provides the authoritative entry point for building and electrical permits. Typically includes application steps, required documents, plan review, inspections, fee information, and",,403,False,,,,,2026-03-30 09:16:17,
22,Permit,Solar Permits,Mariposa County — Building permits portal,Mariposa County,California,"Mariposa County, California, USA",37.570148,-119.903659,https://www.mariposacounty.org/53/Building,Mariposa County Planning Department,,Public,Permitting portal / informational web page (link).,,"Official county building department website or permitting portal that provides the authoritative entry point for building and electrical permits. Typically includes application steps, required documents, plan review, inspections, fee information, and",,404,False,,,,,2026-03-30 09:16:19,
23,Permit,Solar Permits,Mendocino County — Building permits portal,Mendocino County,California,"Mendocino County, California, USA",39.317649,-123.41264,https://www.mendocinocounty.gov/departments/planning-building-services/building,Mendocino County Planning Department,,Public,Permitting portal / informational web page (link).,,"Official county building department website or permitting portal that provides the authoritative entry point for building and electrical permits. Typically includes application steps, required documents, plan review, inspections, fee information, and",,403,False,,,,,2026-03-30 09:16:23,
24,Permit,Solar Permits,Merced County — Building permits portal,Merced County,California,"Merced County, California, USA",37.164154,-120.76786,https://www.countyofmerced.com/60/Building-Safety-Division,Merced County Planning Department,,Public,Permitting portal / informational web page (link).,,"Official county building department website or permitting portal that provides the authoritative entry point for building and electrical permits. Typically includes application steps, required documents, plan review, inspections, fee information, and","Auditor–Controller | Merced County, CA - Official Website",200,True,"Auditor–Controller | Merced County, CA - Official Website Skip to Main Content HomeServicesDepartments & Services A-GAuditor–Controller Auditor–Controller Mission StatementOur mission is to provide sound accounting oversight over all fiscal activities in the County; to provide accurate and timely financial reporting in compliance with generally accepted accounting principles and in accordance with generally accepted auditing standards and to furnish responsive and effective fiscal support servic",effective,,,2026-03-30 09:16:25,
25,Permit,Solar Permits,Modoc County — Building permits portal,Modoc County,California,"Modoc County, California, USA",41.545049,-120.7436,https://www.co.modoc.ca.us/departments/building_and_safety/index.php,Modoc County Planning Department,,Public,Permitting portal / informational web page (link).,,"Official county building department website or permitting portal that provides the authoritative entry point for building and electrical permits. Typically includes application steps, required documents, plan review, inspections, fee information, and",Welcome To New Webgen,200,True,"Welcome To New Webgen Go Building and Safety Home › Departments › Building and Safety Online Building and Safety Application Portal PDF Application Forms Instructions/Information Online Building Code Complaint Portal SolarAPP+ Electric Vehicles and Equipment Policies, Procedures, and Forms New Information Preapproved Housing Plans Modoc County Building Department The primary function of the Building Department is to safeguard the life, health, and property of Modoc County residents through the a",adopted,,(530) 233-6406,2026-03-30 09:16:28,
26,Permit,Solar Permits,Mono County — Building permits portal,Mono County,California,"Mono County, California, USA",37.953393,-118.939876,https://monocounty.ca.gov/building,Mono County Planning Department,,Public,Permitting portal / informational web page (link).,,"Official county building department website or permitting portal that provides the authoritative entry point for building and electrical permits. Typically includes application steps, required documents, plan review, inspections, fee information, and",Building Division | Mono County California,200,True,"Building Division | Mono County California Skip to main content Mono County California’s Eastern Sierra Search form Search Building Division Building Division Our office will be closed Tuesday, March 31, 2026 ​in observance of the Cesar Chavez Holiday. We will resume business on Wednesday, April 1, 2026. Mammoth Office: Monday - Friday, 8 am - 12 pm and 1 pm - 5 pm. Closed for lunch from 12:00 pm - 1:00 pm. Bridgeport Office: Mondays 8am-12 and 1pm-5pm. Tuesday and Thursday 9 am - 4 pm. Or by ap",March | April,Fee Schedule- https://monocounty | Fees For Alternative Energy Projects The Mono County Board of Su | fees for energy efficiency and alternative energy projects,760-924-1800,2026-03-30 09:16:31,
27,Permit,Solar Permits,Monterey County — Building permits portal,Monterey County,California,"Monterey County, California, USA",36.223108,-121.387742,https://www.co.monterey.ca.us/government/departments-i-z/housing-community-development/building-services,Monterey County Planning Department,,Public,Permitting portal / informational web page (link).,,"Official county building department website or permitting portal that provides the authoritative entry point for building and electrical permits. Typically includes application steps, required documents, plan review, inspections, fee information, and",,403,False,,,,,2026-03-30 09:16:35,
28,Permit,Solar Permits,Napa County — Building permits portal,Napa County,California,"Napa County, California, USA",38.489868,-122.321841,https://www.countyofnapa.org/1271/Building-Division,Napa County Planning Department,,Public,Permitting portal / informational web page (link).,,"Official county building department website or permitting portal that provides the authoritative entry point for building and electrical permits. Typically includes application steps, required documents, plan review, inspections, fee information, and","Tax Collector Agency Access | Napa County, CA",200,True,"Tax Collector Agency Access | Napa County, CA Skip to Main Content Create a Website Account - Manage notification subscriptions, save form progress and more. Website Sign In HomeDepartmentsTreasurer - Tax CollectorTax CollectorTax Collector Agency Access Tax Collector Agency Access For subscription information, please contact the Tax Collector during office hours, Monday through Friday (8 a.m. to 5 p.m.).Our telephone number is 707-253-4314. Napa County Property Tax Portal Loading Loading Do Not",,,707-253-4314,2026-03-30 09:16:37,
29,Permit,Solar Permits,Nevada County — Building permits portal,Nevada County,California,"Nevada County, California, USA",39.354033,-120.808984,https://www.nevadacountyca.gov/586/Building-Department,Nevada County Planning Department,,Public,Permitting portal / informational web page (link).,,"Official county building department website or permitting portal that provides the authoritative entry point for building and electrical permits. Typically includes application steps, required documents, plan review, inspections, fee information, and","TB Clinics | Nevada County, CA",200,True,"TB Clinics | Nevada County, CA Skip to Main Content Español 한국어 Tagalog Tiếng Việt 繁體中文 Translate Site Search AI Search Site Search Search AI Search HomeDepartmentsDepartments E - LHealth & Human Services AgencyDepartmentsPublic HealthPopular Services TB Clinics TB Clinics Tuberculosis (TB) ScreeningA TB test requires two appointments. The first appointment is a screening and/or TB test placement. The second appointment is two days later for a reading of the TB test. You must complete both steps",12/30/2025 | Updated,Fees$25 TB Screening and TB Testing$25 TB Risk Assessment for sc | $40 | Fee for 2-Step TB Screening (Two TB tests 2-3 weeks apart)Payme,530-265-7051,2026-03-30 09:16:41,
30,Permit,Solar Permits,Orange County — Solar permitting page,Orange County,California,"Orange County, California, USA",33.750631,-117.872231,https://ocpublicworks.com/building-safety/permits/online,Orange County Planning Department,,Public,Permitting portal / informational web page (link).,,"County-maintained solar PV permitting guidance page. Often includes solar checklists, standard plan requirements, expedited processing guidance, common corrections, and links to submit permits online.",,404,False,,,,,2026-03-30 09:16:44,
31,Permit,Solar Permits,Placer County — Solar permitting page,Placer County,California,"Placer County, California, USA",39.101206,-120.765061,https://www.placer.ca.gov/2443/Solar-Permits,Placer County Planning Department,,Public,Permitting portal / informational web page (link).,,"County-maintained solar PV permitting guidance page. Often includes solar checklists, standard plan requirements, expedited processing guidance, common corrections, and links to submit permits online.","Book 16 | Placer County, CA",200,True,"Book 16 | Placer County, CA Skip to Main Content HomeDepartmentsDepartments A - DCommunity Development Resource AgencyServicesEngineering & SurveyingSurveying & MappingCorner RecordsBook 16 Book 16 Corner Records (CR) are shown by Book and Page, and are in PDF format. CR16-001 (PDF) CR16-002 (PDF) CR16-003 (PDF) CR16-004 (PDF) CR16-005 (PDF) CR16-006 (PDF) CR16-007 (PDF) CR16-008 (PDF) CR16-009 (PDF) CR16-010 (PDF) CR16-011 (PDF) CR16-012 (PDF) CR16-013 (PDF) CR16-014 (PDF) CR16-015 (PDF) CR16-0",,,,2026-03-30 09:16:47,
32,Permit,Solar Permits,Plumas County — Building permits portal,Plumas County,California,"Plumas County, California, USA",39.943099,-120.805952,https://www.plumascounty.us/2703/Building-Services,Plumas County Planning Department,,Public,Permitting portal / informational web page (link).,,"Official county building department website or permitting portal that provides the authoritative entry point for building and electrical permits. Typically includes application steps, required documents, plan review, inspections, fee information, and","Public Notices and Environmental Documents  | Plumas County, CA - Official Website",200,True,"Public Notices and Environmental Documents | Plumas County, CA - Official Website Skip to Main Content Create a Website Account - Manage notification subscriptions, save form progress and more. Website Sign In Stay InformedGet news and updates sent right to your phone or inbox! Search HomeDepartmentsDepartments G - ZPlanning DepartmentPublic Notices and Environmental Documents Public Notices and Environmental Documents General Plan Amendment and Zone Change GPA 8-19/20-01 Notice of Intent to Ado",,,,2026-03-30 09:16:54,
33,Permit,Solar Permits,Riverside County — Solar permitting page,Riverside County,California,"Riverside County, California, USA",33.721999,-116.037247,https://rctlma.org/Building-Safety/Solar-Permitting,Riverside County Planning Department,,Public,Permitting portal / informational web page (link).,,"County-maintained solar PV permitting guidance page. Often includes solar checklists, standard plan requirements, expedited processing guidance, common corrections, and links to submit permits online.",,403,False,,,,,2026-03-30 09:16:58,
34,Permit,Solar Permits,Sacramento County — Solar permitting page,Sacramento County,California,"Sacramento County, California, USA",38.473226,-121.298071,https://building.saccounty.gov/Pages/Solar-Permits.aspx,Sacramento County Planning Department,,Public,Permitting portal / informational web page (link).,,"County-maintained solar PV permitting guidance page. Often includes solar checklists, standard plan requirements, expedited processing guidance, common corrections, and links to submit permits online.",Building Permits & Inspection Division,200,True,Building Permits & Inspection Division Previous Next Shelf Ready ADU Plans Now Available The County of Sacramento has a selection of detached ADU plans available for use by residents to enable a quicker and low-cost build Read more... Watch the Permit Tutorial on YouTube Check out our permit tutorial on YouTube for a step-by-step guide to navigating the portal Read more... Building Permits & Inspection Division The Building Assistiance Center Moving!! The lobby located at 9700 Goethe Rd. will be,January | March | effective | updated | updated,"fees, and addressing permit conditions | Fee Notice 2025 In June 2024, the Sacramento County Board of Su | Fee flyer for details​",916-875-5296,2026-03-30 09:17:00,
35,Permit,Solar Permits,San Benito County — Building permits portal,San Benito County,California,"San Benito County, California, USA",36.623123,-121.115779,https://www.cosb.us/departments/resource-management-agency/building,San Benito County Planning Department,,Public,Permitting portal / informational web page (link).,,"Official county building department website or permitting portal that provides the authoritative entry point for building and electrical permits. Typically includes application steps, required documents, plan review, inspections, fee information, and",,403,False,,,,,2026-03-30 09:17:04,
36,Permit,Solar Permits,San Bernardino County — Solar permitting page,San Bernardino County,California,"San Bernardino County, California, USA",34.825302,-116.083314,https://lus.sbcounty.gov/building-safety-home/solar-permitting/,San Bernardino County Planning Department,,Public,Permitting portal / informational web page (link).,,"County-maintained solar PV permitting guidance page. Often includes solar checklists, standard plan requirements, expedited processing guidance, common corrections, and links to submit permits online.",,404,False,,,,,2026-03-30 09:17:07,
37,Permit,Solar Permits,San Diego County — Solar permitting page,San Diego County,California,"San Diego County, California, USA",32.963784,-116.770628,https://www.sandiegocounty.gov/content/sdc/pds/bldg/Solar.html,San Diego County Planning Department,,Public,Permitting portal / informational web page (link).,,"County-maintained solar PV permitting guidance page. Often includes solar checklists, standard plan requirements, expedited processing guidance, common corrections, and links to submit permits online.",,404,False,,,,,2026-03-30 09:17:10,
38,Permit,Solar Permits,San Francisco County — Building permits portal,San Francisco County,California,"San Francisco County, California, USA",37.787936,-122.40752,https://sf.gov/departments/department-building-inspection,San Francisco County Planning Department,,Public,Permitting portal / informational web page (link).,,"Official county building department website or permitting portal that provides the authoritative entry point for building and electrical permits. Typically includes application steps, required documents, plan review, inspections, fee information, and",,202,False,,,,,2026-03-30 09:17:14,
39,Permit,Solar Permits,San Joaquin County — Solar permitting page,San Joaquin County,California,"San Joaquin County, California, USA",37.93729,-121.277372,https://www.sjgov.org/community_development/building/permits/solar,San Joaquin County Planning Department,,Public,Permitting portal / informational web page (link).,,"County-maintained solar PV permitting guidance page. Often includes solar checklists, standard plan requirements, expedited processing guidance, common corrections, and links to submit permits online.",,404,False,,,,,2026-03-30 09:17:17,
40,Permit,Solar Permits,San Luis Obispo County — Building permits portal,San Luis Obispo County,California,"San Luis Obispo County, California, USA",35.354021,-120.375716,https://www.slocounty.ca.gov/Departments/Planning-Building/Building.aspx,San Luis Obispo County Planning Department,,Public,Permitting portal / informational web page (link).,,"Official county building department website or permitting portal that provides the authoritative entry point for building and electrical permits. Typically includes application steps, required documents, plan review, inspections, fee information, and",,404,False,,,,,2026-03-30 09:17:19,
41,Permit,Solar Permits,San Mateo County — Solar permitting page,San Mateo County,California,"San Mateo County, California, USA",37.496904,-122.333057,https://www.smcgov.org/planning/solar-permits,San Mateo County Planning Department,,Public,Permitting portal / informational web page (link).,,"County-maintained solar PV permitting guidance page. Often includes solar checklists, standard plan requirements, expedited processing guidance, common corrections, and links to submit permits online.",,404,False,,,,,2026-03-30 09:17:22,
42,Permit,Solar Permits,Santa Barbara County — Building permits portal,Santa Barbara County,California,"Santa Barbara County, California, USA",34.713653,-119.985823,https://www.countyofsb.org/168/Building-Safety,Santa Barbara County Planning Department,,Public,Permitting portal / informational web page (link).,,"Official county building department website or permitting portal that provides the authoritative entry point for building and electrical permits. Typically includes application steps, required documents, plan review, inspections, fee information, and","Santa Barbara County, CA - Official Website",200,True,"Santa Barbara County, CA - Official Website Skip to Main Content We're sorry, but there is not a web page matching your entry. Our website has undergone some changes. To locate the page you are looking for please use one of the menus at the top of the page or the search bar located in the upper right corner of any page. You entered: http://www.countyofsb.org/168/building-safety Click here to go to the home page CivicPlus Logo Government Websites by CivicPlus® []",,,,2026-03-30 09:17:26,
43,Permit,Solar Permits,Santa Clara County — Building permits portal,Santa Clara County,California,"Santa Clara County, California, USA",37.233325,-121.684635,https://www.sccgov.org/sites/dpd/Development/Building,Santa Clara County Planning Department,,Public,Permitting portal / informational web page (link).,,"Official county building department website or permitting portal that provides the authoritative entry point for building and electrical permits. Typically includes application steps, required documents, plan review, inspections, fee information, and",,403,False,,,,,2026-03-30 09:17:29,
44,Permit,Solar Permits,Santa Cruz County — Building permits portal,Santa Cruz County,California,"Santa Cruz County, California, USA",37.050096,-121.99059,https://www.sccoplanning.com/PlanningHome/BuildingSafety.aspx,Santa Cruz County Planning Department,,Public,Permitting portal / informational web page (link).,,"Official county building department website or permitting portal that provides the authoritative entry point for building and electrical permits. Typically includes application steps, required documents, plan review, inspections, fee information, and",Inspections,200,True,Inspections 0 Search Press Esc to cancel Suggested content Search Inspections You are here: Home Unified Permit Center Building Permits & Safety Manage Your Project Inspections Quick Links EZ Permit ePlan Review Inspections Fees & Payments Schedule an Appointment Forms & Publications Check Permit Status & History GIS How to Look up your Parcel View All The building inspectors are responsible for inspecting structures to verify they are built in accordance with the permitted set of building docum,adopted,Fees & Payments Schedule an Appointment Forms & Publications Che,,2026-03-30 09:17:32,
45,Permit,Solar Permits,Shasta County — Solar permitting page,Shasta County,California,"Shasta County, California, USA",40.796512,-121.997919,https://www.shastacounty.gov/building/page/solar-pv-permits,Shasta County Planning Department,,Public,Permitting portal / informational web page (link).,,"County-maintained solar PV permitting guidance page. Often includes solar checklists, standard plan requirements, expedited processing guidance, common corrections, and links to submit permits online.",,403,False,,,,,2026-03-30 09:17:44,
46,Permit,Solar Permits,Sierra County — Building permits portal,Sierra County,California,"Sierra County, California, USA",39.584907,-120.530573,https://www.sierracounty.ca.gov/181/Building-Department,Sierra County Planning Department,,Public,Permitting portal / informational web page (link).,,"Official county building department website or permitting portal that provides the authoritative entry point for building and electrical permits. Typically includes application steps, required documents, plan review, inspections, fee information, and","Behavioral Health | Sierra County, CA - Official Website",200,True,"Behavioral Health | Sierra County, CA - Official Website Skip to Main Content HomeCounty DepartmentsBehavioral Health Behavioral Health Our Mission and GoalTo provide high quality, cost effective, and culturally proficient mental health care to all Medi-Cal beneficiaries who require specialty mental health services. Our Goal - The Sierra County MHP offers a broad range of mental health, alcohol, and other drug (AOD) services to all residents of Sierra County. Our goal is to offer services in a s",3/17/2025 | 6/16/2025 | 9/15/2025 | 12/15/2025 | effective,,530-993-6759,2026-03-30 09:17:46,
47,Permit,Solar Permits,Siskiyou County — Building permits portal,Siskiyou County,California,"Siskiyou County, California, USA",41.686247,-122.536012,https://www.co.siskiyou.ca.us/building,Siskiyou County Planning Department,,Public,Permitting portal / informational web page (link).,,"Official county building department website or permitting portal that provides the authoritative entry point for building and electrical permits. Typically includes application steps, required documents, plan review, inspections, fee information, and",Building | Siskiyou County California,200,True,Building | Siskiyou County California Skip to main content Siskiyou County California Mountains of Opportunity Ag and non-ag burning requires a valid burn permit. Burn hours today are from 1-hour after sunrise until sunset. Please do not burn in windy conditions. Call 530-842-8123 for burn day status or toll-free within Siskiyou County 866-652-2876 For More Information Current Air Quality Search form Search Website Building Inspection Request Only: 530-842-8270 Online Permitting Portal When appl,January,,530-842-8123,2026-03-30 09:17:49,
48,Permit,Solar Permits,Solano County — Building permits portal,Solano County,California,"Solano County, California, USA",38.221894,-121.916355,https://www.solanocounty.com/depts/rm/building/,Solano County Planning Department,,Public,Permitting portal / informational web page (link).,,"Official county building department website or permitting portal that provides the authoritative entry point for building and electrical permits. Typically includes application steps, required documents, plan review, inspections, fee information, and",,404,False,,,,,2026-03-30 09:17:52,
49,Permit,Solar Permits,Sonoma County — Solar permitting page,Sonoma County,California,"Sonoma County, California, USA",38.51108,-122.847339,https://permitsonoma.org/Divisions/Engineering-and-Construction/Building/Solar-Permits,Sonoma County Planning Department,,Public,Permitting portal / informational web page (link).,,"County-maintained solar PV permitting guidance page. Often includes solar checklists, standard plan requirements, expedited processing guidance, common corrections, and links to submit permits online.",,404,False,,,,,2026-03-30 09:17:56,
50,Permit,Solar Permits,Stanislaus County — Building permits portal,Stanislaus County,California,"Stanislaus County, California, USA",37.550087,-121.050143,https://www.stancounty.com/planning/building/,Stanislaus County Planning Department,,Public,Permitting portal / informational web page (link).,,"Official county building department website or permitting portal that provides the authoritative entry point for building and electrical permits. Typically includes application steps, required documents, plan review, inspections, fee information, and",,404,False,,,,,2026-03-30 09:17:58,
51,Permit,Solar Permits,Sutter County — Building permits portal,Sutter County,California,"Sutter County, California, USA",38.950967,-121.697088,https://www.suttercounty.org/government/county-departments/development-services/building-services,Sutter County Planning Department,,Public,Permitting portal / informational web page (link).,,"Official county building department website or permitting portal that provides the authoritative entry point for building and electrical permits. Typically includes application steps, required documents, plan review, inspections, fee information, and","Building Services | Sutter County, CA",200,True,"Building Services | Sutter County, CA Please enable JavaScript in your browser for a better user experience. Show/Hide ROAD CLOSURES PAY / SEARCH TAXES COMMUNITY ACADEMY Contact Building Services 1130 Civic Center Blvd. Yuba City, CA 95993 (530) 822-7400 (530) 822-7109 Fax Email Neal Hay Development Services Director Hours Monday - Friday 8:00 a.m. -12 noon 1:00 p.m. - 5:00 p.m. Resources California State Building Standards Commission California State HERS Providers and Raters Contractors State ",adopted,"fees | fees, in addition to, being referred to the CSLB (California Sta",(530) 822-7400,2026-03-30 09:18:01,
52,Permit,Solar Permits,Tehama County — Building permits portal,Tehama County,California,"Tehama County, California, USA",40.125133,-122.201553,https://www.co.tehama.ca.us/government/departments/building-safety/,Tehama County Planning Department,,Public,Permitting portal / informational web page (link).,,"Official county building department website or permitting portal that provides the authoritative entry point for building and electrical permits. Typically includes application steps, required documents, plan review, inspections, fee information, and",,404,False,,,,,2026-03-30 09:18:04,
53,Permit,Solar Permits,Trinity County — Building permits portal,Trinity County,California,"Trinity County, California, USA",40.605326,-123.171268,https://www.trinitycounty.org/Building,Trinity County Planning Department,,Public,Permitting portal / informational web page (link).,,"Official county building department website or permitting portal that provides the authoritative entry point for building and electrical permits. Typically includes application steps, required documents, plan review, inspections, fee information, and",,404,False,,,,,2026-03-30 09:18:08,
54,Permit,Solar Permits,Tulare County — Building permits portal,Tulare County,California,"Tulare County, California, USA",36.251647,-118.852583,https://tularecounty.ca.gov/rma/index.cfm/planning-building/building-services-division/,Tulare County Planning Department,,Public,Permitting portal / informational web page (link).,,"Official county building department website or permitting portal that provides the authoritative entry point for building and electrical permits. Typically includes application steps, required documents, plan review, inspections, fee information, and",,403,False,,,,,2026-03-30 09:18:11,
55,Permit,Solar Permits,Tuolumne County — Building permits portal,Tuolumne County,California,"Tuolumne County, California, USA",38.056944,-119.991935,https://www.tuolumnecounty.ca.gov/167/Building-Safety-Division,Tuolumne County Planning Department,,Public,Permitting portal / informational web page (link).,,"Official county building department website or permitting portal that provides the authoritative entry point for building and electrical permits. Typically includes application steps, required documents, plan review, inspections, fee information, and",,403,False,,,,,2026-03-30 09:18:13,
56,Permit,Solar Permits,Ventura County — Solar permitting page,Ventura County,California,"Ventura County, California, USA",34.445825,-119.077936,https://vcrma.org/en/residential-solar,Ventura County Planning Department,,Public,Permitting portal / informational web page (link).,,"County-maintained solar PV permitting guidance page. Often includes solar checklists, standard plan requirements, expedited processing guidance, common corrections, and links to submit permits online.",,404,False,,,,,2026-03-30 09:18:16,
57,Permit,Solar Permits,Yolo County — Building permits portal,Yolo County,California,"Yolo County, California, USA",38.718454,-121.9059,https://www.yolocounty.org/government/general-government-departments/community-services/building-inspection,Yolo County Planning Department,,Public,Permitting portal / informational web page (link).,,"Official county building department website or permitting portal that provides the authoritative entry point for building and electrical permits. Typically includes application steps, required documents, plan review, inspections, fee information, and",,403,False,,,,,2026-03-30 09:18:21,
58,Permit,Solar Permits,Yuba County — Building permits portal,Yuba County,California,"Yuba County, California, USA",39.283975,-121.355682,https://www.yuba.org/departments/community_development/building_department/index.php,Yuba County Planning Department,,Public,Permitting portal / informational web page (link).,,"Official county building department website or permitting portal that provides the authoritative entry point for building and electrical permits. Typically includes application steps, required documents, plan review, inspections, fee information, and","Welcome to Yuba County, CA",200,True,"Welcome to Yuba County, CA BUILDING DEPARTMENT Home Departments Community Development Building Department Public Counter Hours: Monday - Friday: 8:00am - 4:00pm (closed 12:00pm - 1:00pm) Se Habla EspañolAddress: 915 8th Street, Suite 123, Marysville, CA 95901Phone: (530) 749-5440Fax: (530) 749-5616Email: [email protected] Do you need a Building Permit? Click Here: Yuba County Self ServiceSubmit a Public Records Request hereNeed help creating an account in Yuba County Self Service? How to videoEl",January | January | adopted | Effective,,(530) 749-5440,2026-03-30 09:18:24,
59,Permit,Water Permits,Section 404 Permit (FED-USACE-404),,California,United States (Federal; applies in California),,,https://www.usace.army.mil/Missions/Civil-Works/Regulatory-Program-and-Permits/,USACE,,Public,Permit program guidance (web page / statute).,,"US Army Corps of Engineers (USACE) Regulatory Program overview describing federal permitting authorities and permit types related to activities affecting waters of the United States, including Section 404 (dredge and fill) and related regulatory guid",,403,False,,,,,2026-03-30 09:18:27,
60,Permit,Water Permits,Section 404 Permit (FED-USACE-404),,California,United States (Federal; applies in California),,,https://www.usace.army.mil/Missions/Civil-Works/Regulatory-Program-and-Permits/,USACE,MEDIUM,Public,Permit program guidance (web page / statute).,,Some AquaPV projects may trigger federal authorization depending on site conditions and in-water impacts. This source supports federal permit applicability screening and links users to authoritative guidance.,,403,False,,,,,2026-03-30 09:18:29,
61,Permit,Water Permits,Section 404 Permit (FED-USACE-404),,California,United States (Federal; applies in California),,,https://www.usace.army.mil/Missions/Civil-Works/Regulatory-Program-and-Permits/Obtain-a-Permit/,USACE,,Public,Permit program guidance (web page / statute).,,"USACE guidance explaining how to apply for a regulatory permit, including process steps, coordination expectations, and application resources.",,403,False,,,,,2026-03-30 09:18:31,
62,Permit,Water Permits,Section 10 Permit (FED-USACE-10),,California,United States (Federal; applies in California),,,https://www.usace.army.mil/Missions/Civil-Works/Regulatory-Program-and-Permits/Section-10/,USACE,,Public,Permit program guidance (web page / statute).,,USACE guidance on Section 10 permitting under the Rivers and Harbors Act for structures or work in or affecting navigable waters of the United States.,,403,False,,,,,2026-03-30 09:18:33,
63,Permit,Water Permits,Section 10 Permit (FED-USACE-10),,California,United States (Federal; applies in California),,,https://www.usace.army.mil/Missions/Civil-Works/Regulatory-Program-and-Permits/Obtain-a-Permit/,USACE,,Public,Permit program guidance (web page / statute).,,"USACE guidance explaining how to apply for a regulatory permit, including process steps, coordination expectations, and application resources.",,403,False,,,,,2026-03-30 09:18:35,
64,Permit,Water Permits,401 Water Quality Certification (CA-SWRCB-401),California,California,"California, USA",38.297486,-76.493365,https://www.waterboards.ca.gov/water_issues/programs/cwa401/,SWRCB/RWQCB,,Public,Permit program guidance (web page / statute).,,"California State and Regional Water Boards guidance for Clean Water Act Section 401 Water Quality Certification, including program purpose, responsible agencies, and general application guidance.",401 Water Quality Certification and Wetlands Program | California State Water Resources Control Board,200,True,401 Water Quality Certification and Wetlands Program | California State Water Resources Control Board 401 Water Quality Certification and Wetlands Program 401 Water Quality Certification and Waste Discharge Requirements Overview This Program is responsible for regulating discharges of dredged or fill material to waters of the state. The State Water Resources Control Board (State Water Board) and the Regional Water Quality Control Boards (Regional Water Boards) (collectively Water Boards) have th,April | May | December | March | October,"Fees Public Notices 2024 Memorandum of Understanding with the US | Fees, Enforcement: Jean Bandura, Senior Environmental Scientist  | fee to the following address: Eric Oppenheimer, Executive Direc",(916) 341-5900,2026-03-30 09:18:37,
65,Permit,Water Permits,401 Water Quality Certification (CA-SWRCB-401),California,California,"California, USA",38.297486,-76.493365,https://www.waterboards.ca.gov/resources/fees/water_quality/,SWRCB/RWQCB,,Public,Permit program guidance (web page / statute).,,Water Board fee schedule and cost guidance related to water quality certifications and other Water Board permitting activities.,Water Quality Fees | California State Water Resources Control Board,200,True,"Water Quality Fees | California State Water Resources Control Board Water Quality Fees Welcome to the Water Quality Fees home page! You can find information about the fees for water quality permits, pay your invoice online (EFT or credit card), find our tax ID number and find information for stakeholders. Contact Us Stormwater Fees: SWFees@waterboards.ca.gov Non-Stormwater Fees: FeeBranch@waterboards.ca.gov Phone: (916) 341-5247 FAX: (916) 341-5248 Information on Water Rights Fees Announcements ",02/03/2026 | updated,"Fees | California State Water Resources Control Board Water Qual | Fees Welcome to the Water Quality Fees home page! You can find i | fees for water quality permits, pay your invoice online (EFT or ",(916) 341-5247,2026-03-30 09:18:40,
66,Permit,Water Permits,Construction General Permit (CA-SWRCB-CGP),California,California,"California, USA",38.297486,-76.493365,https://www.waterboards.ca.gov/water_issues/programs/stormwater/construction.html,SWRCB,,Public,Permit program guidance (web page / statute).,2023-09-01 00:00:00,"California Construction Stormwater Program overview for the Construction General Permit (CGP), including coverage requirements, compliance expectations (SWPPP), risk levels, inspections, and reporting.",Construction Stormwater Program | California State Water Resources Control Board,200,True,"Construction Stormwater Program | California State Water Resources Control Board Construction Stormwater Program Welcome to the Construction Stormwater Program The California State Water Resources Control Board (State Water Board) regulates stormwater discharges from construction sites because of its potential to mobilize pollutants and discharge into waterbodies or watersheds. By regulating these discharges, the State Water Board is preserving, enhancing, and restoring California's waterbodies ",September | September | 11/17/2025 | adopted | adopted,Fees Find information regarding water quality fees for NPDES Sto | fee related information for stakeholders | Fees Pay Invoices Report a Stormwater Violation Inform the Water,(866)-563-3107,2026-03-30 09:18:42,
67,Permit,Water Permits,Construction General Permit (CA-SWRCB-CGP),California,California,"California, USA",38.297486,-76.493365,https://smarts.waterboards.ca.gov/,SWRCB,,Public,Permit program guidance (web page / statute).,2023-09-01 00:00:00,"Storm Water Multiple Application and Report Tracking System (SMARTS) used for CGP enrollment, document submission, reporting, and compliance tracking.",California Storm water Multiple Applications and Report Tracking System,200,True,"California Storm water Multiple Applications and Report Tracking System SMARTS LOGIN User ID: * Password: * Unlock, Reset Password or Forgot User ID Storm Water Resources Stormwater Home Contacts Industrial STORMS Caltrans Databases Historical Training Construction Historical SMARTS Resources Copyright © State of California The California Water Boards include the State Water Resources Control Board and nine Regional Boards The State Water Board is one of six environmental entities operating unde",,,,2026-03-30 09:18:45,
68,Permit,Water Permits,Dam Alteration Permit (CA-DSOD-ALT),California,California,"California, USA",38.297486,-76.493365,https://water.ca.gov/Programs/All-Programs/Division-of-Safety-of-Dams,DSOD,,Public,Permit program guidance (web page / statute).,,California Department of Water Resources Division of Safety of Dams (DSOD) program information describing oversight of dams and reservoirs and DSOD’s role in reviewing alterations and safety-related compliance.,Division of Safety of Dams,200,True,"Division of Safety of Dams HomeProgramsAll ProgramsDivision of Safety of Dams Division of Safety of Dams An aerial view of Perris Dam and Lake Perris. DWR/2014. Since August 14, 1929, the State of California has regulated dams to prevent failure, safeguard life, and protect property. The California Water Code entrusts dam safety regulatory power to DWR, Division of Safety of Dams (DSOD). We provide oversight to the design, construction, and maintenance of over 1,200 jurisdictional sized dams in ",August,Fees Inundation Maps General FAQs Division of Safety of Dams Con,(916) 565-7868,2026-03-30 09:18:47,
69,Permit,Water Permits,Dam Alteration Permit (CA-DSOD-ALT),California,California,"California, USA",38.297486,-76.493365,https://leginfo.legislature.ca.gov/faces/codes_displaySection.xhtml?lawCode=WAT&sectionNum=6002.,DSOD,,Public,Permit program guidance (web page / statute).,,California Water Code statutory section providing legal definitions and authorities relevant to dam safety oversight and alteration related requirements.,"California Code,  WAT 6002.",200,True,"California Code, WAT 6002. skip to content home accessibility FAQ feedback sitemap login x Quick Search: Bill Number Bill Keyword Home Bill Information California Law Publications Other Resources My Subscriptions My Favorites California Law >> >> Code Section Code Section Code: Select Code CONS BPC CIV CCP COM CORP EDC ELEC EVID FAM FIN FGC FAC GOV HNC HSC INS LAB MVC PEN PROB PCC PRC PUC RTC SHC UIC VEH WAT WIC Article:Section: Code: Select Code All BPC CIV CCP COM CORP EDC ELEC EVID FAM FIN FG",amended | amended | enacted | Amended,,,2026-03-30 09:18:52,
70,Incentive,Incentive,ayy thalapathy nikhith y u delit raaaaaa,,California,,,,https://www.dsireusa.org/,,HIGH,,,,,Database of State Incentives for Renewables & Efficiency® - DSIRE,200,True,Database of State Incentives for Renewables & Efficiency® - DSIRE Database of State Incentives for Renewables & Efficiency® Find Policies & Incentives Near You Zip Code Requires 5 digit zip code Become a sponsor and see your logo above! Learn more: https://dsireusa.org/services/sponsorship Like DSIRE? Donate: go.ncsu.edu/givencclean Access the full content of the database in real time with the DSIRE API: https://dsireusa.org/dsire-api/ × Find Policies & Incentives by State T US Territories DC Di,,,,2026-03-30 09:18:54,
71,Incentive,Financial Incentive,Solar incentives_list from INL.xlsx | Sheet: Final_list | Row: 49 | ALSO: Solar incentives_list from INL.xlsx | Sheet: MI | Row: 11,,California,MI,,,https://www.michigan.gov/taxes/property/exemptions/solar-energy-facility-exemption,,,,Property Tax Incentive,2024-08-15 00:00:00,,Solar Energy Facility Exemption,200,True,"Solar Energy Facility Exemption Skip to main content Unsupported Browser Detected The web Browser you are currently using is unsupported, and some features of this site may not work as intended. Please update to a modern browser such as Chrome, Firefox or Edge to experience all features Michigan.gov has to offer. Supported Browsers Google Chrome Safari Microsoft Edge Firefox Solar Energy Facility Exemption Solar Energy Facility Exemption The Solar Energy Facilities Taxation Act (known as the Sol",,,,2026-03-30 09:18:57,
72,Incentive,Financial Incentive,Solar incentives_list from INL.xlsx | Sheet: Final_list | Row: 61 | ALSO: Solar incentives_list from INL.xlsx | Sheet: NY | Row: 21,,California,NY,,,https://www.nyserda.ny.gov/All-Programs/NY-Sun/Contractors/Dashboards-and-incentives/Upstate-Dashboard,,,,Rebate Program,2023-11-15 00:00:00,,,403,False,,,,,2026-03-30 09:19:00,
73,Incentive,Financial Incentive,Solar incentives_list from INL.xlsx | Sheet: Final_list | Row: 64 | ALSO: Solar incentives_list from INL.xlsx | Sheet: MA | Row: 10,,California,MA,,,https://masmartsolar.com/,,,,Performance-Based Incentive,2024-07-11 00:00:00,,,Error,True,,,,,2026-03-30 09:19:02,'NoneType' object has no attribute 'strip'
74,Incentive,Financial Incentive,Solar incentives_list from INL.xlsx | Sheet: Final_list | Row: 68 | ALSO: Solar incentives_list from INL.xlsx | Sheet: VT | Row: 10,,California,VT,,,https://www.veda.org/veda-rates-fees,,,,Loan Program,2024-06-07 00:00:00,,VEDA | Rates and Fees,200,True,VEDA | Rates and Fees Home Financing Overview Commercial Financing Overview Direct Loan Program Small Business Loan Program Entrepreneurial Loan Program Local Development Corporation Program Revenue Bond Program for 501(c)(3) Revenue Bond Program for Manufacturers SBA 504 Program Northeast Kingdom Special Loan Program Broadband Expansion Loan Program Energy Financing Overview Commercial Energy Loan Program Agricultural Energy Loan Program EV Workplace Charging Station Program (GMP) EV Charging S,Effective | Effective | Effective | Effective,Fees Home Financing Overview Commercial Financing Overview Direc | Fees Home Financing Overview NEW: Disaster Recovery Loan Fund Co | Fees Vermont Economic Development Authority Rates Interest rates,802.828.5627,2026-03-30 09:19:04,
75,Incentive,Financial Incentive,Solar incentives_list from INL.xlsx | Sheet: Final_list | Row: 69 | ALSO: Solar incentives_list from INL.xlsx | Sheet: VT | Row: 13,,California,VT,,,https://tax.vermont.gov/municipal-officials/solar-plant-taxation,,,,Property Tax Incentive,2024-05-22 00:00:00,,Solar Plants Subject to the Uniform Capacity Tax | Department of Taxes,200,True,Solar Plants Subject to the Uniform Capacity Tax | Department of Taxes Skip to main content Search Submit Home Individuals Businesses Property Forms & Instructions How to File Assessment Property Tax Bill Overview Property Tax Exemptions Homestead Declaration Property Tax Credit Landlord Certificates Property Transfer Tax Land Gains Tax Commissioner's Certificate Real Estate Withholding Utility Valuation Communications Property Valuation Uniform Capacity Tax and Solar Plants Act 250 Disclosure S,,$4.00 | $0.50 | $0.25,,2026-03-30 09:19:06,
76,Incentive,Financial Incentive,Solar incentives_list from INL.xlsx | Sheet: Final_list | Row: 70 | ALSO: Solar incentives_list from INL.xlsx | Sheet: VT | Row: 14,,California,VT,,,https://tax.vermont.gov/municipal-officials/solar-plant-taxation,,,,Property Tax Incentive,2024-05-22 00:00:00,,Solar Plants Subject to the Uniform Capacity Tax | Department of Taxes,200,True,Solar Plants Subject to the Uniform Capacity Tax | Department of Taxes Skip to main content Search Submit Home Individuals Businesses Property Forms & Instructions How to File Assessment Property Tax Bill Overview Property Tax Exemptions Homestead Declaration Property Tax Credit Landlord Certificates Property Transfer Tax Land Gains Tax Commissioner's Certificate Real Estate Withholding Utility Valuation Communications Property Valuation Uniform Capacity Tax and Solar Plants Act 250 Disclosure S,,$4.00 | $0.50 | $0.25,,2026-03-30 09:19:09,
77,Incentive,Financial Incentive,Solar incentives_list from INL.xlsx | Sheet: Final_list | Row: 71 | ALSO: Solar incentives_list from INL.xlsx | Sheet: VT | Row: 15,,California,VT,,,https://www.veda.org/veda-rates-fees,,,,Loan Program,2024-05-22 00:00:00,,VEDA | Rates and Fees,200,True,VEDA | Rates and Fees Home Financing Overview Commercial Financing Overview Direct Loan Program Small Business Loan Program Entrepreneurial Loan Program Local Development Corporation Program Revenue Bond Program for 501(c)(3) Revenue Bond Program for Manufacturers SBA 504 Program Northeast Kingdom Special Loan Program Broadband Expansion Loan Program Energy Financing Overview Commercial Energy Loan Program Agricultural Energy Loan Program EV Workplace Charging Station Program (GMP) EV Charging S,Effective | Effective | Effective | Effective,Fees Home Financing Overview Commercial Financing Overview Direc | Fees Home Financing Overview NEW: Disaster Recovery Loan Fund Co | Fees Vermont Economic Development Authority Rates Interest rates,802.828.5627,2026-03-30 09:19:11,
78,Incentive,Incentive Summary,Solar incentives_list from INL.xlsx | Sheet: Summary | Row: 2,,California,,,,https://programs.dsireusa.org/system/program/detail/22451/non-residential-renewable-energy-solutions,,,,Net metering,,,DSIRE,200,True,"DSIRE {{ program.name }} {{ msgWrapperText }} Program Overview {{ field.label }}: {{ field.getValue() }} DSIRE works with EnergySage to help you go solar with confidence: Compare quotes from vetted installers Get free, expert advice (no phone calls required) Maximize savings with incentives and financing Enter your zip code Get Instant Commercial Project Financing Options! G O Incentives This program has {{ parameterSets.length }} Incentives {{ field.label }}: {{ field.getValue() }} Summary Auth",Enacted | enacted | Effective | effective | expire,,,2026-03-30 09:19:13,
79,Incentive,Financial Incentive,Solar incentives_list from INL.xlsx | Sheet: MA | Row: 12,,California,MA,,,https://www.mass.gov/info-details/being-a-green-community#grant-opportunities-,,,,Grant Program,2024-06-07 00:00:00,,,403,False,,,,,2026-03-30 09:19:16,
80,Incentive,Financial Incentive,Solar incentives_list from INL.xlsx | Sheet: MA | Row: 16,,California,MA,,,https://concordma.gov/2029/Solar-Panels,,,,Rebate Program,2024-05-23 00:00:00,,"Solar Panels and Batteries | Concord, MA",200,True,"Solar Panels and Batteries | Concord, MA Skip to Main Content Create a Website Account - Manage notification subscriptions, save form progress and more. Website Sign In HomeGovernmentDepartmentsMunicipal Light PlantEnergy Saving Rebates and ServicesYour HomeRebates for your HomeSolar Panels Solar Panels and Batteries (last update: 3/10/26)Installing SOLAR in Concord18 slides on: Financial, environmental, & energy independence benefits of solarSiting decisions and, if you move ahead, steps in the",3/10/26,"$625 | $3,125 | $750",(978) 318-3149,2026-03-30 09:19:18,
